<?xml version="1.0" encoding="UTF-8"?>
<project-private xmlns="http://www.netbeans.org/ns/project-private/1">
    <editor-bookmarks xmlns="http://www.netbeans.org/ns/editor-bookmarks/2" lastBookmarkId="0"/>
    <open-files xmlns="http://www.netbeans.org/ns/projectui-open-files/2">
        <group>
            <file>file:/C:/Users/hidde/OneDrive/Documentos/NetBeansProjects/ProjetoMensal02/src/Telas/TelaPrincipal2.java</file>
            <file>file:/C:/Users/hidde/OneDrive/Documentos/NetBeansProjects/ProjetoMensal02/src/Telas/Gerenciamento/TelaGerenciarEndereco.java</file>
            <file>file:/C:/Users/hidde/OneDrive/Documentos/NetBeansProjects/ProjetoMensal02/src/Telas/Gerenciamento/TelaGerenciarOrdemServico.java</file>
            <file>file:/C:/Users/hidde/OneDrive/Documentos/NetBeansProjects/ProjetoMensal02/src/Telas/TelaEntradaOrdemServico.java</file>
            <file>file:/C:/Users/hidde/OneDrive/Documentos/NetBeansProjects/ProjetoMensal02/src/Telas/TelaSaidaOrdemServico.java</file>
            <file>file:/C:/Users/hidde/OneDrive/Documentos/NetBeansProjects/ProjetoMensal02/src/Telas/TelaPrincipal3.java</file>
        </group>
    </open-files>
</project-private>
